Network,Density,Centrality,,,,,Density,0.003491512
1,0.006983025,0.00169228,,,,,Centrality,0.00169228
2,0,0.00169228,,,,,,
